{
    "discord_invites": {
        "name": "discord_invites",
        "columns": {
            "discord_invites_code": {
                "name": "discord_invites_code",
                "type": "VARCHAR",
                "length": 255,
                "decimals": null,
                "values": null,
                "allow_null": false,
                "default": "",
                "comment": "",
                "unsigned": false,
                "auto_increment": false
            },
            "discord_invites_id": {
                "name": "discord_invites_id",
                "type": "BIGINT",
                "length": "20",
                "decimals": null,
                "values": null,
                "allow_null": false,
                "default": 0,
                "comment": "ID Number",
                "unsigned": true,
                "auto_increment": true
            },
            "discord_invites_expiration": {
                "name": "discord_invites_expiration",
                "type": "INT",
                "length": null,
                "decimals": null,
                "values": null,
                "allow_null": false,
                "default": "-1",
                "comment": "",
                "unsigned": false,
                "auto_increment": false
            },
            "discord_invites_order": {
                "name": "discord_invites_order",
                "type": "INT",
                "length": null,
                "decimals": null,
                "values": null,
                "allow_null": false,
                "default": 0,
                "comment": "",
                "unsigned": false,
                "auto_increment": false
            },
            "discord_invites_approval_required": {
                "name": "discord_invites_approval_required",
                "type": "TINYINT",
                "length": null,
                "decimals": null,
                "values": null,
                "allow_null": false,
                "default": 0,
                "comment": "",
                "unsigned": false,
                "auto_increment": false
            }
        },
        "indexes": {
            "PRIMARY": {
                "type": "primary",
                "name": "PRIMARY",
                "columns": [
                    "discord_invites_id"
                ],
                "length": [
                    null
                ]
            }
        }
    },
    "discord_invites_requests": {
        "name": "discord_invites_requests",
        "columns": {
            "discord_invites_requests_id": {
                "name": "discord_invites_requests_id",
                "type": "BIGINT",
                "length": "20",
                "decimals": null,
                "values": null,
                "allow_null": false,
                "default": 0,
                "comment": "ID Number",
                "unsigned": true,
                "auto_increment": true
            },
            "discord_invites_requests_member_id": {
                "name": "discord_invites_requests_member_id",
                "type": "INT",
                "length": null,
                "decimals": null,
                "values": null,
                "allow_null": false,
                "default": 0,
                "comment": "",
                "unsigned": false,
                "auto_increment": false
            },
            "discord_invites_requests_submitted_at": {
                "name": "discord_invites_requests_submitted_at",
                "type": "INT",
                "length": null,
                "decimals": null,
                "values": null,
                "allow_null": false,
                "default": 0,
                "comment": "",
                "unsigned": false,
                "auto_increment": false
            },
            "discord_invites_requests_code": {
                "name": "discord_invites_requests_code",
                "type": "VARCHAR",
                "length": 255,
                "decimals": null,
                "values": null,
                "allow_null": false,
                "default": "",
                "comment": "",
                "unsigned": false,
                "auto_increment": false
            }
        },
        "indexes": {
            "PRIMARY": {
                "type": "primary",
                "name": "PRIMARY",
                "columns": [
                    "discord_invites_requests_id"
                ],
                "length": [
                    null
                ]
            }
        }
    }
}