{
    "id": 10001,
    "name": "1.0.0 Beta 2",
    "steps": {
        "queries": false,
        "lang": false,
        "theme": true,
        "themeeditor": false,
        "javascript": false,
        "emailTemplates": false,
        "acpSearchKeywords": false,
        "settings": false,
        "tasks": false,
        "modules": false,
        "widgets": false,
        "customOptions": false,
        "customRoutines": false
    },
    "forceMainUpgrader": false,
    "forceManualDownloadNoCiC": false,
    "forceManualDownloadCiC": false
}