{
    "id": 10000,
    "name": "1.0.0 Beta 1",
    "steps": {
        "queries": true,
        "lang": true,
        "theme": true,
        "themeeditor": false,
        "javascript": false,
        "emailTemplates": false,
        "acpSearchKeywords": false,
        "settings": true,
        "tasks": false,
        "modules": true,
        "widgets": true,
        "customOptions": false,
        "customRoutines": false
    },
    "forceMainUpgrader": false,
    "forceManualDownloadNoCiC": false,
    "forceManualDownloadCiC": false
}