{
    "normal": {
        "added": [
            "__app_discord",
            "Discord_info",
            "menutab__discord",
            "menutab__discord_icon",
            "menu__discord_system",
            "menu__discord_system_invites",
            "menu__discord_system_config",
            "menu__discord_system_requests",
            "discord_invites",
            "discord_invites_code",
            "discord_invites_code_unique",
            "discord_invites_expiration",
            "discord_invites_expiration_past",
            "discord_invites_approval_required",
            "discord_invites_approval_required_desc",
            "discord_invite_url",
            "discord_invite_success",
            "discord_invite_failed",
            "discord_invite_approval_requested",
            "discord_invites_requests",
            "discord_invites_requests_member_id",
            "discord_invites_requests_submitted_at",
            "discord_invites_requests_code",
            "discord_invites_requests_approve",
            "discord_invites_requests_deny",
            "discord_invites_requests_approved",
            "discord_invites_requests_failed",
            "discord_invites_requests_denied",
            "discord_client_id",
            "discord_client_id_desc",
            "discord_client_secret",
            "discord_client_secret_desc",
            "discord_bot_token",
            "discord_bot_token_desc",
            "discord_server_integration",
            "discord_server_integration_desc",
            "discord_server",
            "discord_server_desc",
            "discord_role",
            "discord_role_desc",
            "discord_configuration_clear",
            "discord_configuration_sync",
            "discord_config_wizard",
            "discord_config_wizard_step1",
            "discord_config_wizard_step2",
            "discord_config_wizard_step2_add_server",
            "discord_config_wizard_step3",
            "discord_config_wizard_step4",
            "discord_config_wizard_error_login_handler",
            "discord_confirm_clear",
            "discord_confirm_clear_title",
            "discord_confirm_clear_message",
            "discord_confirm_clear_success",
            "discord_confirm_sync",
            "discord_confirm_sync_title",
            "discord_confirm_sync_message",
            "discord_confirm_sync_success",
            "discord_sync_setup",
            "discord_sync",
            "discord_manage_add_success",
            "discord_manage_sync_success",
            "discord_manage_remove_success",
            "r__invites",
            "r__invites_manage",
            "r__config",
            "r__config_manage",
            "r__manage",
            "r__manage_manage",
            "r__requests",
            "r__requests_manage",
            "discord_invite_perm__label",
            "discord_invite_perm__view",
            "discord_invite_perm__bypass",
            "group__discord_Group",
            "group_discord_role_id",
            "group_discord_role_id_desc",
            "group_discord_role_none",
            "block_Discord",
            "block_Discord_desc",
            "discord_width_theme",
            "discord_width_width",
            "discord_width_height",
            "module__discord_system",
            "discord_group_roles",
            "discord_widget_settings",
            "frontnavigation_discord",
            "discord_default_invite_code",
            "discord_default_invite_code_desc"
        ],
        "edited": [],
        "removed": []
    },
    "js": {
        "added": [],
        "edited": [],
        "removed": []
    }
}